{"file_hashes":[{"block_hashes":["gdSBt0+vMZlbQErKAL9ekZBIz+F4bq4jLPaN1VDqEt4=","AELOUvwYvxFnvtOZl0H07jFBq6i/+tfQ7k3KJ2/qhDo=","m0m0pfEHuounW4fVR59uX4m3oNVS2FHRItiRJK5N3lc=","PDst4Q0d3jhYetnVHRukQiqhOT4KM35Uw5w4fiCUbks=","zo4cO/YSA7WoiE7pCN0Q877JW45UfFlDw/6MP8c9WLg=","HEQPCoRnEP/vIm3xrSXlTPygcnZzBOJR3uVwfcRmNzA=","/uMzGkQBH05nG5K9OCzjmYCc950dY3bOFA7AsiOp9eg=","UvHWvFa2R/qcvfO8PRhVh48OJlAEHF3SDjmYroMicUw=","dX9dCPRO70RlDJsrpoyImMDtrwO9/LZc4QQtylOfvYs=","3E7tTOszECq20oHPOKd5/FNkEePSmdcDilK09Un9fw8=","Ht+xf3/xFPuCJigAmhLF/kRD0wY02A0QLgKSEw0LTmE=","G+Qkvg61f+TKjWvWsDKjNcbIpNRlHlmYbHaqaJSwQ0E=","kHv/950h6cHY8Ke59koiZOP7uJO2hTriEf0JV6DB1fo=","T3l1Dc9vQ0PkWa0yiQxeh2Qn6QX/q+paksq7ejiVk9g=","mzcgZ8jNcyhPIrKks3PO2AI1RJYqQWeFTVyl3J3tpOE=","JzkMkheVn6hWyYeHcl3y06ku6yqYO22wq1aBxHZO+R0=","c33b72aJ2ldpDvlM/Sd5r6VIlkT8zUJ6/E0ZwH21Gfc=","oiVxoDl9gieekUC2i2tjYdTyB8Rf32LJNoZLFFW93yk=","rCz8xDj27paWQqVO2WzQFLftfPdXWAmG3oqXHfWPyPE=","8ao0qNfrwevYdI024FKdNbg7Yq6t+q7GFWlr+doL9x0=","HxAix5E6uifjWM4W4yX/uftMkqnr5aE2+fKGg1iPWGE=","F4YN2Fg4igL8N7Q1H4WXl5Be+6xw3OTe+h9drgYoxVc=","xwkCk3Ff/1sHD0lDGceOLB62clKkEH+UVCE2PByjWnc=","ReSN8v0wuGHJCQaVFvVuNXABneIkkLaKNAoOxdUkuX0=","SYpJVD2Rhxy5nQA8fwQmiEH1lHMyL6f2UgODJ9TiV3g=","LCJr+T4h6uIhteQP77tTGhG0RqNuQmq7TK/9fX8vRAs=","yLNNHuoM1BNL786Rz+ff8pMHfB7PMEHe7qQoP/dbgaw=","tFk5crbQt+JuUBh1GDiY8kpBOOd37SheMNIZ3QhKzDE=","sAuIaGrMHTEIPrBmKJp3WsSLvRNiFP/NJpSp8HQOte4=","+uiN3uHfbZ2hejzD5qzkdjgcGxghEmdpq8C2jYHbO4A=","GyoBw38ZqGOINpdmhMA+Bsj7e0ijHGSw2oPOrgj5VTw=","FCbHCGA9tg4ecyfR0JsL9je67mBQ7ULq3pr8nNj/t9o=","kUWUSL/0a0FazhX5dlKkZspPMQPRy/PY5+mKcURlz/c=","WRLawXiuO2EYA3aXp5G04LqZ8Efb8/5ujdsUSvt59jU=","CcO4N0UOX3Sh+Ga5/iN3NOcoP/VaLFM5Xau74VkOTRQ=","dwTkqGL0J9W9yDQzABD/pXI7khyq1n5hR1fbcG/ipEY=","SAuFxbHWrd0Mx4L2Db2fp2se7bORiyW6DthEHsUlwMw=","cVwD0kkdWVhdk4Fap02V9A2WAb5+X0qpmbN42LGBHJI=","wREevu3pplB1FF7P27JCGisVp5AhJ5F3h+RjbCIV/e0=","lucnP9Wz4IydSO4wDZjK0MmefOsBLWrU1VyzGajZXDI=","NDuN6KmI1Y9SvZeCQraDa3J3EtFFhuXzctKSE5PtWo0=","c8coeHTxZTJGoNL2zXuiZacJgBWwPOh24avWWOJ9+NQ=","pKi2N5SoQ8+qePyHzgotUG5TvfOdQ3c35YXdlFqMfxw=","zKoHBU+sIeybhvcBDAlszoWsKWu3fyWFTn8UuBdfywg=","9TfV5C+syZx+e6Qk4FBXp0BJ+TWU7W1zQY1KszwV2ak=","O5HZScX7DMcYwj6rdWKT/9pgzKg+eeQewBEdOaZOtgY=","Yp6/kApTd02WN/W53GFjD5OwTPVl5MjZH7UWyaN7S68=","EqStJeMmZFljfB/L21Vnd6EqxCNJ1hSqpOa7tswffrk=","Pba/Y+QykbhLDix6f1QmQs8fr/f87NTpP4fm30xTIJ0=","EkRSl7GeJ5NRsS2S5CkdKcAk7NxDX58bwYSCF+w7T2M=","M2dEAslME9A7+e226WlBylKJLT2aOhWbg+9vNN1azAA=","Eei06ks/VI6g0fR8XaWFwKggIHVLq/DszLxZPKG/Bb4=","XSCO+EapGXpxsTwyfkOH9PFV7o42ySXqMWTV8d6clDg=","GYfUYVMUaSUnKLy6KZyuyHcUukSTbaCsG5u3W4HrmVk=","U62rSGpuuqZTcmuuy1wUgAJhV3sxKlRfsWdw1wWuhFs=","3N4z/QGctz30GMcYeR+OEXyfKCFaAtoWaPst624ZO/I=","Gv1CyNzijqzD2twpFnYhQpKOvvmzu73760nYw8NPor8=","4Sll6LEDbMLC/mNkKn3hQ3LInp1785n3zRa4nW8HYkU=","8RDdJF8pNwKPBcwty7YvA4vmVe+yrMlRA8L8BolUnF0=","4JuKP/A93/01/tlLaNEMSYfC25h8w+D1BtUuroq8TBQ=","dHlv26616qjcBrJwzPaNi1ZnC8sJ4YVRgIFEocoR78w=","IMK9DMyd0D/lW6AsQhuXKpzWFkI+RtiA2pbQv7Vzjcw=","UEpnh9qOTGp5pi0Bjk0HFnwKpuPFSnhH3c7S4tGmmFQ=","wyqtF61SdGaUPSO/C44ehQSpH3paslYvS/al6HPihA0=","blliS1L+PVKhnhUfY8oc7dfSjUo3JjxZ0g/dr5S0J+w=","Ymy3GM1zNuH+yZbwwS/f/BbAQX8CGD+cB/SRpRtxb2c=","Xbd98g4Uw9uc2fiJb/boN3z2OGXD6qGc1IKcKFAvGac=","Pl7FxjqUC2myLDlIF4UEa7APa/88WYKL/TLiskTByzY=","/Lettmah9oH6XRxRxKzluwpu7cya25IyGbs1kayIlYk=","Cd8GMKn+tSupAVro4/stUk4Pt8JINRkl3xHsJmkXwSQ=","vr4Ym/1IplgyR8fgfHpS1N49z58maggLpLcLFNJTCNA=","782B6BVMrKUa2DNutis2algJea+aTzKy5NgUtm0pmyc=","kFpf3wvj27x2wCWMMEW4hZznSU/zK0iUaFJP1tsPozU=","wd7m1CE4zTIGUukRR8l25LxuQ4yV7pwS0yFy+cvMX0I=","TOhgRBYZfAHYta7U7yQFhtlRLkqZ36cqgh7pSQkHl3U=","JOWaOTd4p7MJ91ewKDcVpalKwbPP0vRTq9LPKoZMF/I=","oNVA6x3ByxyPPgt6RvNcAPPy2lI+vwl/XnFAPsZCDVo=","yoFLJGhBhYNWc+9c/Ih8tmQY8B69SfuOsbPfFUOBjOs=","rC+9CSUAxt2VY0oHrqutx07v1li0USuud0RAxMUNy/U=","tGbfw0yK35IRdrwTWkdeipxNiiRFxcqE475Rjlyq7Zo=","KC9v3u3SAJvgpeAkUH+bwOpYtFyljBOzVff9ofEL+is=","qgsQ4D9g+WhE40hAHFiDgJia3rwe2/SqRQ2Qz7GNGWs=","svnX+BHYzlHmSLGIi07JVefrAbN//cqRQjk4nF/DDyQ=","nYY8Z3pNnE6cyKWmv0nkzKWBNJdDcaHm24b8H1GDGao=","MjSgN7mGieWJcWQ6VJjDReltTW6qlEWmQ6NU9hggEcY=","CfZd+Vzd8e7pi6BcbmS5UykDXTy1Eif4G3x7X69ffNE=","wXIX4+inZ+oq3XsSq3+Kgr3Rnd2ix5KL4yP45aC1heg="],"block_size":4096,"path":"build/backend.js"},{"block_hashes":["BWvJQp8bAMzv0ySygIAjcc8wADTmJXcVYymmnCsH2Ck="],"block_size":4096,"path":"build/background.js"},{"block_hashes":["mHHsCoCaQOpSquLIl+pWAp0mVANg0YirBJdqWRUcx3U=","mLDIMumKvEjK7TM8Z9mm12KE5h8KmlUjQt4uynbNG2s="],"block_size":4096,"path":"build/detector.js"},{"block_hashes":["l85H/arNyx+AjYeSOy6KEdL8lsamnI6iB72KsoZcn6w="],"block_size":4096,"path":"build/devtools-background.js"},{"block_hashes":["maiLiIBMFnBqvRyZJiTj2Z2WQbsSCrJUVAQxmgWqxeo=","4bE5U4GT2MYLsZfnrTtt67hLG3Snq+D5cTv13/l6doY=","UUVOhY85olZckAOQDNoG8d1z8Y1wPtEoQcBylPu9O94=","/5EqIU/wSJZsQH45zICPLTEsrRW87nXrxEOxP3w0Emw=","aKVgHnci0fer6RGjn6l6XiRRFQ5Ewfv+RC2yUzcxryY=","QUBnN5bodqaIbzRLHIfFziFXfAO4kxOilGoiYD36V/U=","HI9RaN/MXggROfc0fo1NjG5ETyveROAMPxkdXiRuS9k=","eTTO9CR70stURu5e8PVFX1k0tM3w9lg9K/CnHIUx4LM=","sKuZOmjOe7Cdg8y083g3AsRtKZV7k1a70l4XSUmsBO8=","hJgg1upgzOxjS3TQvDSXoGxZwKpXROtUiacJmHWRJJ0=","56ZlZx8tX30xc81V1fEec0baFVJv2cK2yUWVe6yv+co=","RgBSiPR6W04AkPewEZYCHc9fFH+AGFnZLWjFEL7OLyQ=","578JCow8zzIN4dqQw9PUqiJeVAQT/tbxBn9lEa5MLCY=","lRiDpBvIkcPOGI2YZnFfG+j4HFKpkjRy3RFH0O6DY68=","hT9mjLRayYKGKv+yl8azmmo6t1BYTkb7/gJLofZ/AYw=","datt/H89dBjCBi0a8Cf5r/SnF9xl24Cr+P+TKfGDqF4=","xNEIdxkckMVVRc0Kkm4x4Ih3JCGzCzsnj/kZ2KSrya8=","cxYynpvIyhz3W6IDDWbQD8LxeWXYSRXEvDq6pl9h+1A=","L+TvXYD+7Xl0o2+2hW4xRk0vSQC2Kz0sB3cjrjFtkhE=","RIK+H+IVw+K2GlqdO33BXvEbfNOx/upjTaEEontbbDI=","4e9lZyCWkUVS4Yai2TANzbHpvymFzM/nLgGR/4KYQ2E=","/yCfer7S7PLGVi20troO2G3kBo7HRzEImT0PhlzJUPY=","3MdzVD4CTd1QMmry8VIX8LYUberhPhoUMpu8yGP6e9E=","/HRlqffkz+j5pWYzEZ33uIF7/Z1uoYMGc1fRQvKls8M=","eXFICLxxLngJwncyvFOlvz0cmqV8hJMDjStOqO9jhMo=","xIVlf1kfpbU5qSUsKUsijvwtm9mwva3PO3VwfQcVbcY=","3OrzAt+tdX6+xJo8MPJGhlaO8q404f0sXfXo42gjPvo=","t9VhLBc3nNwchhYxjlVWvPhpRVV5DK9Uy2RP+6vnwmE=","ZmnBe6LAls9FbNJrOJqFB6T2r2yGRIiDGFG1kY9JwI0=","iaTINK/hTwpWnujU+yTkywsEQ3IF7dmj7W8SJn1taJM=","Hes3qjrVo/LhMPyneU6EGPSgt9+QbEik2dtrWfAhEHg=","msSdc8VI29gHIpRTlU3HgcJxY//aY5bSrhgDlI2Ar0M=","zSUlPo0wR0KR88UfwtzuM3QphoHr9cDiU0z9B6oQ5BQ=","bjuDZ/QZIpW8FwRUhDQ0Q3k+Fefi1TyE/YQdzewnSZo=","2UEm9CiL6m3p+YKsiup499y7b3feMB733g7dTJaEx1o=","1AcYzAVcCn9bQvTHEzbmYjFMBXTkoZQq+G0rFffK9Lk=","WlqGDDXq13jJl3rzzT4Py7ObxlzmSubkeAa1qW3g1Pc=","kEbgpSXFEvuacsiJUzCCQQvar3eiQrv+kdeCX2a/qAA=","T4n86QQA5jOoVETI1dfJbwAl7ia8pGPpwX7RkyzV3mQ=","ku8PzatNZburV/p+DzOGUQLEjNMPLrfAMVEVOJGhmD8=","n0UueYBGYN0bBkGqS6WSMPZ53BoKuMHOXmXidBQOOXM=","JMNHsorbcdMIhP4jFx0fTzkQp7zeT3Cq6zU8oWrJ/n8=","9WpZMTgwtmsJx2hoLHedAd15jH8Re3Tak56JaGZYwqM=","BX5Hxrxg5C6CYnOSWnH909JKA+ltUqPhgtG4o3tkf88=","lPUurn5dIQXcaEyp7ogCauGD9rnC8Q/+YsfVFuhWKAU=","YIHYBkU5s3ts13tRy5purfNQm9K1pADX8QbqjVOgQu4=","nqDGUT5qfBBlWy99b60cX3ZUFbUinDkPlaVG/apZ6J8=","++wTdgvHSYnoTSJ73rlQYR6qa9vBajCo85j9cI19Q7Q=","H6p1GtOfv2Dkbcxrn7hJv6WQchjvxt8dGtfHhP5enfQ=","Vd9J9VMlpCO/RufdObYqKq9/wIclV69rIJnB8bSasGk=","azNfjae67gsSRo91SJAFjBioPi988wf2t6ZiX6jzS/c=","POdsl4TujjAVPUpDA0rFj/GXx/CjcmtpqMQN+qu3a/w=","5h51ED4UeNtouSyw9+gLYqvm/ygsRznZhiIUD9zIX9E=","GBKVW9MPpqw/nlaChnHkl6rSPaDj6o1Y+Uf8EtZQnp8=","N0aLIgvMl4WFeNW1q0onc6GO/90nKrU0sOb3y50yAm0=","ohfAPFx8PXlAMi6jfn47gawDpCFoHIYrbJRw06d8fIM=","5s8uWYGvZVfiQZ46SVuNwK3CgDpIWG8VSVd4WN75VEc=","W97r62FgrPwn2EEjfgoto4mxZdYpJ1PcNGKNBcB3Y9M=","DauMDOT9v6pwzP0qkkd8D5T78NENJJzDV1VQp5U+n4Y=","WBifph0EmJQYig0sMhAt5zjmuq0IFXr3Zfkv0pfzDbs=","K4GnhrfAm2MNnF7++r0HtgmM5s4hwQWfC6e58eYZuGg=","LroGw6TnnyYxW3JJ9t8/vg7PE3Bm6wjvD2rH/Uinrws=","pihcoL8W5xQcgDgFUl+JXzK4I22KYpRLNHj+CUsvaQc=","bNC+IOWwFk3NvSkHbJ/7jCXmX2EXgqmad8gq+weZAs8=","K/Rr3Z/O/aw0ozHij6zd+JbO+SyTexgQ8qNWgngajLQ=","LSEPNhGtlTBo/NVpyvyyCMqztp+g7JjUwQWdfMAHC+k=","46+yiOtfUnuACzfttYuA5rIslfDc8OvkuvDjEDBJg/E=","Fljkc2YoDfw3vVMqP/rAi5O5+o69z7sppykFPvg7SIo=","mp00Cpub4WntUZ2Lu4OZuxW94yBU4y4SoqEMVgg2hDg=","4lBKV5xqE6EED1omnD04tlDHhZEhXdql6EMiC9ErsqA=","EcEgJuNPQcnDP5RNUISOP2nEXMBOLgLlU6Edk130BsE=","HDrIy5cR9UzLOVHcB4Grh8VK2YPAjc6EudixWUwAYoY=","7dAxAVteitGiW75sMnJJOg5EAPUgdorJ/DgCfaBEvMU=","O4akeXb6hbASHo4takcND3sZ0vWhl/D9Xcj8MCAHd0c=","2DZoOWezdot2+FFieMx1BB5VKb74/9sWZJmSqz5quiA=","QpBY4/RBa7TZWAXHUKC/py9/GuzwAg2zq9qDPunREfs=","GHurBlmqe3hg6hwCDNQDIpgVaEgRFJfGBpKZGuP6wZc=","CWMgabpdMWUF0BL/9HHMfpxiys0PBcUPh9eOV87TmpE=","4HuoJ3jLCCxhM6OKgXu60GG9ZYNQnEyOhZSMc/jioqE=","y3ysa5zsBu2Tb5cKZ1jhiXb1PTK4iHdcyxiKeaLgdlY=","UfXJgey5Hdk82D0lOHqVqfVWFxG03MCC0MBf+Zlcx5Y=","pV5byJ352LEG3mhmQu1380PaZsKq/cuzNPXTq7AcOEg=","f0a/WtDRQtdplUraz4S1ZWep7R1XSAYLMO4l4hpbFng=","wh3LI5FTyBFiGHB4bRun6e3hWBJ5eAFb9sr6nuRcSlg=","vnpf8nQItlIy4swpDV1+8BAPf3yHloNXXfc7j/IL9RY=","p4Md3vkrFZCFkHf7O7pOEc7/DGmNPd2Q06l5A2lUnRo=","VOTrzS9kLW/OoMxfKQze4XrwAl+YTCkXQ5ApnEC/dyk=","aRCsIjh+yW67mUtqdwk+gh/B5dUVxrxcrR219P2oQ4s=","bBrm4VfSoPSbxKNZInox9ETBWTJjyt1vITP4VtzIzdI=","0ROpr4Y572lgBdNqH2lX4wVD1W2brDVv54Iakc3Iwc0=","HWZvG3kWpzUDV+2lmpXHSe8tnAYxC0jhYDOWA5Zqa3A=","hmJw7W21fyULZiJdRCGK/albqTH3UzQOsnvv+SluwFU=","ExIiD+ED94W/2DztEv+U2Kto2XBDgG1EPGhH4KCy/HU=","ELwbTcjlSgBMW7vo/myo6pDuQfh4G+IDV9yXeH9JC20=","aF8MNRebJns9xjCfTOP33GJS1y4zp/W7gT6rA8UYfG0=","Ncm9XzJNR4LvW5pyNi0tpwGJeZ9V5XA2yX4fSXRulZM=","fksDpqdYz5b5OX5S4fJJadcJElgl/74BiyOtJ/9HhEs=","oNYmYD74yKJWhpK2YLj3v9MbRTu3E+WpNtHTioI603c=","I4OnFg/vtqa+bZXECPVB5I7XRTDD6UbFwXmaqJYEZEI=","ijpRLnDT2PJ5rbReg4LE27MYZYF8jMWTbGXiY3cryno=","n/sMB6f0BuHdooeG95AtgrCVzb9cWJqUyc3yjMQpG3E=","1IpudqAVyjR45TzNyd0uhqyW/CtPwn3Fkhlt0hUMfog=","X127sKsH4OXxbEZ9cz/dRdeytObM7f3oIkJnFi3ASRo=","g8fzcT/yI2tQxaiHVriKUeSCqBDm+5nc5eGfOCYByyA=","fCQ9aSQgQuepp97dSbbxzWUcfT8BI2+9eyDeA4XTscI=","Cj/Wy8b+B/Sed+Knt8u/f4Adl4OdckK8XRO5YtMjafs=","uOQqFYZ1uGARPxGRO5zmvHfJAiFHevwu+NHDyrnHy+Q=","VfhmB0v1h43E2VFFZMzrVy8ZUXvgdhX83Qw7sDEB+pI=","AS73fm5vwMwqVrzQBPNPR6JxkS7Xq/likZSFWLE2sP0=","d6i4xNqX6s4ydJvdsTaQDKXShqiVVyU+EylUspsjP8U=","/ww7nbPdY2XN5jiVEz6reBmScxeS0/rpWYY5ERf1Kd0=","t8OX42BLATMgCVPthmLTCB4XHr2ijMv6M2OoHWYq2IY=","k2Pj5sx3wYV1PcSwybDDx30k/e/23UxJhsLj/5XhIzA=","Ea4XMEy/Q2XIofLy8H0tpWHpJRzXLiXSK68AeoCW4I4=","ztqx6HqW09w+rWkkMP8FUgw4kzes4QieKiDMof5OQMU=","42AXDKWV+W+yqI6TiyczYl57UbHEv3zP4UKDHr+5NV0=","TBsVJb1meLLKvbtSe4L72MVa/wImsTJ8XYAMc+XX0IE=","qTorSPYJPPu4rOQt+CQx3soFzNuAkxRlCu1NyaBizm0=","DIJzCtiO6oAfq2WwWXVb4HY0Tz6tYNs+Zhy0JScZ5/Q=","FQA+ust8bjqY3JxgcGn+kQ/1p489Ssb+WMmnLfGJDn8=","XVX/XDUYnpK98ZmJfvM1PCc8W5+6PKIB4JEGjoB5PJI=","hY6j0+AwAv5cqLEyIOl8KU6ejIw1aCj5R6oWU2X/HEU=","Qoy//cRQb76vYjAsrhJl76AD5ZWMAlEKSkFTRYfF1Rg=","4GPmCCABT7i+/vMDC2wAbMOlpeBaWiJ0AZGx5zNkrQc=","8QPbejuGjDEwgKObH9bjlW2Q99zxaGEZ7SOOTA9lXDE=","Zul4jp/nPzFBCn9g4SLET4nfiZI9gMsBcF0aDWydy8s=","d3EOCC91u5jjXs508hYByii1zJCN5dUCOcrU46sv5ik=","iL6I9KPhqfBykJh2auftk5zlSk6aiUBJpc7IF381uo0=","2XTmItshEusvYoOhEb6NDcHqosHKF/O3GSe7KWALGlI=","9Jqs2wwrC5wvQLIgIoqtgJhP1MOsImtRXLCmTybsN/Y=","G7UVLpwIJWF8H5JVziExKpmNdnVLg97QmxcRUIVPRGg=","6aILB3VFknVzMpvS4jJKKLtLfioIi37fDgUrmIveZLk=","7g38HR7TFjrafdfmI9trquKEvT7+0VmnPMdSrVmwFH4=","4WUWMI2YybyXyjRITDjeCwMAtkH4WypbfW4VAGvejWk=","oL9NCLM9VHl4b0oFf52QKMgMKHHQWOgiP2Bq8AOuGSk=","olgpiEr09dFL5fMmtWBfPEnZ1RWyd8B6UHTwIg8VKOk=","KNpu1jwrek23N8/tjbE0FQ2pN6Hbde/peVUm7COfw8g=","oYANhXd7i5rFkWaKlfaF9MtNU76hI2+lghi9gkoBBR0=","iwnv9oJcLxVWL5eX3rndkVGKdSrQ5Re6oPe/AQ44Jog=","9EiUgxePYXIjU6/U9cHcRcda86YM2bDIZYywhVZr5Ro=","SG4QvL7Y3XfVilVkptlQQShv4SwWBk6TU8D57sr/W+Y=","Rp6ke7/g+m586IFoRxXcQbTnLWAHp9c1W32+VHknbDo=","aY6ZFXO9EIHZecePvMjUy4Kdo4dvU4/HCbfXTMmLZEg=","hM6xvqbnaCn9DMdocbgKvwczbs1UuneP1T/kTtLLIg8=","tTwDc+woQ9Jofk9RXazgrPvziQc49IUgAj99HG5XuSE=","uUd2ji2fRz3UST0xGbqdnQBLbb58ktTw52VLvZoqxRM=","GafTTcMZHogB06rs6YLzSKe/JYiAeDUJczYoBoRsSek=","R3buQKCvmvU5eKi5xp5E8ykuPhX1SBSc68uh9FXSQxU=","3EOmh/d/iJt+vI93NJQAeR1MQE4u/Gp3GPX47ebh6Z8=","9qWXAhd5KGTqZgwXljpUnmocMRB6fzi17GbLnfnDr+k=","zwDw0AMNB8zdq6FVwTxKO31xwItBGgh1UeDd5nJmkH8=","08Oo36fSSlFjTQXFUcOKLGto9wujGwbS69b/95cjldg=","+MIk+dxuuPKLKWViC9Oh4cM5D4fTAKiVaCmCYBADDbw=","fc9SW1bdsI0fTb2yshre51nYzRtiV5k6OwoizFnJ6W0=","YEEuZAAyCyVBLz7prFD1XeV0BkcPIbeMTygUAZcy1nk=","dY0sccQ57cIy0+zNSaJgo+Tn6KAkG9gx0SZgZu3RLFU=","aeGsmXpcrMtkE0cAtHYPjC8AG+WdF3MC7IPpM8QSlaM=","gaEXSizKX8Fk6mpOEaE3uInRJCiTfvMI+ml/G2lrHPk=","gczLlNjhjMAUGKshCDE7c+VQdaHXYv4ZU9Uw5q+0b8k=","iv0f+qU5RPhyGCK0BL2qxjTCABqD9uIhn+FUUFxFmp4=","H/1vW2BRO8dtre+QS2PMCKGi6N3egvE4wQPHMTC+wGM=","dv2lvbgHHKNTtuBo90E+zHHQ3TuhwTeYKdfkVbA9A7Q=","UzPmjzzZpUDl66BcVoJzfY115lBU72JKfDQ8v96kj0U=","x76bOEPBRSrjfETlQBqTR31NWxaT8fYipSzPcHtoFq4=","lN5ZDVUNvKrG5qqOdSbri7RDoDLOOM9cjZEmnLk9WV4=","Mz8ppyBCRxTmHc+z8s285bnovzlJ65gQ4INPDdemS0s=","qR0/Cx39Fcjivn30Hj6GX+5QvjhWWFKSYIcRP18z+0M=","Q6yCMPiFDOelgkTFailPPMN7OJHULqlsCAsM+F6h+lQ=","BAeuJJAW3QcTCZBVkRTgV9IxL30q+TPZDsKnvbWBZ8k=","Dy5O/raEMyMLKZ2ifPXvfiYdMps9SegjqUxs1u17H4k=","BNV5LU+MPfxFDf0+81iP4efL/DaEkA5OlbUv46chrfY=","4BUuQ7ksGO3m9VF0d6qDDgoilgC13uwRh5JgHW6mnWA=","d75i5R0z7i0va+2YVvU6ZvNj6oG/zgrxbixtIKLsyQg=","QGTnLSHP5DNHAgwXjvXCVWbDHrJWFGUIBOkrEPzuReI=","NYtPybMH3A31Vg+IkRKIbyl0fiEggAfKnVkSg1yu+0w=","KfTvt49DcaQrCL42szERINRY4dEYATCj1KN3wQe1kCo=","5PA28GDRsXlgVTZoY1XhYq/k0rbTqrr/yHbgQuJm1ZA=","dxhb9w3tgMHPPxOf0s6YmQHUv+E+sjD7Q0seRaUv41U=","N2l3j192LAq4CC6GOKOun21+2eQZaSRHz9/LRgkxt/U=","i72QoYc79BApNvRaKXn9+Y0V6ndWpNOXi0bxY48nT4w=","K24Ux0WZs7h0W0OD1a5N0I4OoL0g/MAh7I4ccyFztHE=","9dH1XT50yBW6FVCXRSHDtBv53ZGTLx9VT/FevaIkVIc=","njP/R0ht8ehNBlF/ctOrzDeQ+tBl2iD74HEaorft8aw=","tqP8wstWl+6Emx86hp8JRojkeaumI1x6Wql1FfUZGeU=","fDYQH2dYSET/9briZNrXsIeGewBXRKqiT4/5sGICBKE=","7WX2paouL8Y9S+VrqsqKKhrlqnuRT5NQPfv7WiICc7c=","nQjZRaWBZ9DwvPUNdjE57JojQoxL1rluoBMoWkAZXow=","a/vmoT1uQSEtm06rG76AlzLD+BSQIh75cyosIpwFk6A=","hiRsXwBbeBTAPPEnjLpFVxwR3nRQFPbrGH7Bq5ZWtzQ=","xwO9pVJeZdyvu/PQBcaNzvQChsGyoYifjUKIph/1Hb0=","Jqp/yRNJfyr53neW0AqWA0ZRmuQQIAvB1IWf6yFEx1M=","qqchm4LS9K7zsrEHfKw4cVAYriNRM4tbOD4UtHGg/Jw=","NjqCZQXSPTzGwBfS8j4ShhoAeFPPszJCnJn+b6gS/sE=","yKzqBRAmorrnmAIXRkuhRGYMxg0eSGtc9SoM88hwjNw=","VfTatBMOS/unK9PlAdDUpFWrWhzwb+Gq/5/+xicjJL4=","rxpDuI7kbBMS6feBR4n8imU2bb6pF5WLPlBH5AR2Opw=","ZFM4RO414b8QX1jWsbtnCamhQeHjgjtAjv90hSkJIBA=","rlk7CTtoT6ROWEG5frNqbZoky1iaDlRhR4FTnvKHL/8=","RRK7BB1PAlMnaOv3lfJ/lKlupGK/c85IeUVxhbTPPJc=","7863Ft5YwVKVifd/Hr5pAclpNBrEHwfPth6PiX5g+J4=","0l3sH6qQfMFMwJqCd7pGo3oB4+zWG07QciO77dkTOOQ=","cxoe1wkCVty5cAelXlNo8BXZj77cgQAVGvRSfBsf9+4=","FapSRIsZ/eHdfyx7G8i/kUTtUXnlltbT4IT8cQ9fyzs=","bpC6UQCg5NCu7VsGnBnduXEz090mJZ7+NxyIOBeWhqQ=","aeGWD2B7Eg9tiH3sfyuCyO3HhUTRr/mi2w5EM9SvSJo=","xK5YPnh/ccjihn61FMzjSg3BLaPeHl2QXRSP6JC67LI=","wUEyuJAGI7R0xdM0Za++esq0nMooOteHQhGtChar/uo=","fT7f8xLT2/nK82eVgrd30RzRxIL/fxtlZipdbKAJAYk=","qW767kK3XrEGzn6jY23+5uj8JxtKKpFAQTJRpPRjSP4=","SgHvP6KGYuOkBSxiOikr9mzZCJSIk4RQyPdWbxq+Uq8=","nyDcOtvGeMca3OAuYUyhziReiy87qOj9UaEoimFIpVk=","3kjxrMK7CnyLKSfB7IVEkXn/t6PtvkQ9fskcuZaHZCc=","CaFOISYB8oKkDyyYg8ugTY/PHcZnBRJWwmP0twz2MJg=","MbymsrrnIFaaoJdJJe5Yg9ERacKDHS5knE6BpdBYm+g=","VTx/5KiYsK+X53YxqqgRGHATTC/f2YkvPfyS+os+6Jg=","Oa9Yksn/7lZxdw1YTM9soB26OJ1WWC2HWkSEYqgfBsU=","oy6xApyosUy9RPu8VxmXlZoRqAleYOf6Ds/F4kFInwM=","8683qI+r12+0yv5ST5oexv3Da6RA8uP0G/oGsj1HQsk=","jUSwxs7OFhMVhfMjKbYjmlxeJXUsUURAF1JlZXc4U9M=","z2YqUFAamdPREp8fG1eYJ8CAM4RqRQUF6DyKy+a/2ag=","wLjNhOCKMiDLCPBwMIW5uK3lvilTbToztFX06/Dg3VI=","nXppML1xgruKPCkfNvbXGqFuaN/vdfLZTIRsuHZnIMY=","T0Ru56VOorjFHuKi2CbfdNZx+R43QVhoEy1UercgRhA=","Kl0W4T66rgdnQdZUgogcB3dUczByuChs+eoyjxK5XxY=","6jjx4ZYxsz201CmdStJpUqmR51tFmbB39IEIc1Azkl8=","+H6F+E8T4OKwIOJRBU1VUincEY/50k1hAPbsE5KoKko=","Vb+fLYmYot/T07ckISYG3nsgD7PuL3jf0UNyI6ezq1k=","5U8E0dkXSrepe8QhQ3olh4S7xjwZX/FZDyTqJ6zvRwM=","514Osmjf5iArFC8mu/emwi5npsz7iDUfF3GJuGrKlK0=","CqabscUo7KozB/TeyL56TaGxYh57q8HweZ/4Fd4i/OM=","G3PSE7x+JCTkL//QFMK7X1QcWh4I7P+X0acRCjtnudY=","kx95ra3KOR8i2SoNLLKRtsksDgw85fyZZXZslxT6dhs=","b5bMgMVS02/1Qqc5I/f2NaOHj7T9TTG4o5Mk9aIIZAE=","baPPSJS3JCs+jZt8u4L5xNNbgE7+3HETADtWzvObr1M=","OIV939+s0MV7gkWipLiHnlzDfY9l+YLBmUOvWj57Rv0=","fmRG/cpdCdeNRI0qH2klUj1BiNGYi2P59u8P73OODqY=","mTo235QLXeHYQViVRTm3CGW4ore7zGhZ2j8VnD0nLe0=","j1RcRywO+Sup6ieyaPWEhcwfZupDOORnbajO2UQFMZU=","ZnfU+wOOW+C83X10xfMrX9NCNmR0eqIxGH/SC+YA/dU=","Y74CadyAweiC8mz+s4wFEiK/jgl+Ks8fPleEQTZ/174=","RpwjVMUHgGn6wijaRtat/9svwzX4yrAmt+VLQ4e+QdY=","MMRKA6SXDVOEK3RHKstxJr/zEWLG+8d38/r3Ry2Tpn8=","72aRNCrB3F2p0d9fTmggrx+1uh8cBrmF4LGc9ipyl60=","m6hjh+6ok0ceGrsEv+2kURWvals3gimKbLKCteoHAMs=","xF2GGYUsR2Qa0qZJDX0F9Nl6owdLROpC6SMjPEQm8OM=","3riJFOk9Wj33sZg1Gj2tskV9uL/xl/G8l+8NzHMzjB0=","jxhemzeSNGM0KQwVEidQuY3kNWoSDq91A6TdP4U+Qg4=","RFfozmDEs7SrBTK1nFLsIuEuID0nF+ihu5ChdbKdtR8=","VJFlq2fn7vUI6Z5vUo+yphvbtXNgP5iyplf4FL9Nrss=","n0IOcn/pFbqGtgdDepNOh035cdCuYT+yVPI/C1S5bMQ=","XGNRlkLb8jAJVGifFM6b55lZ75y9G0xmImui5Cf5Kpo=","d66TgQjwMkHI0eF2zKtzNOKXo41XmGXyr2OKpBsmQKo=","w2fU6XaVQaydWxfdFwpaA+LLsFweT/u1JxV40IdSW2o=","KJqzcx3zg2m25Wa0ouVYCaR3VxFPutJ40kU1O0Vl1Bc=","jJCyYQI4gf1KW8mei/d96VqwWxuL5ngpZJ0jYxQsSIQ=","Rg2XRzOjUOEiwHOPL0VsM9lFKS4hCqpJrVquHMui2M0=","tHC2wdcE6zVjY4bZ3dw0q/XI1peTSsWkp3QjDOoomw0=","iGPhlW5d6Nt4V0/QotRON2E6rivcJ8tBvNdE+QNOBPw=","kE2+xNBFcCObm5sN5zO/my9bHfEXxZMZnt3jLZf5sb8=","V5wJUV4exT/t850P0IOwvJge+PnfBE9pKKDBtBVqclE=","/VBlQStw26iTeuHNAZRSZlkmrCdy8qNc02uQdYiLmv4=","+ATZLqr+Ct0uiEAJ8BPo8+i+fJOcVYpVqdhlJ8szbRA=","V0JS/fCCMs1MVHKh4dxjvCvUb/vTNcVIJhQhhhIBiOA=","77yo+40KB0CRfYrrrT+lptIl9FYa2TO4h4q+ozkLCks=","mLmMrQGDiRlKPl/KplvMk+7CUIXAv6AfQsSCOmpAlwk=","9NfgF+x0kXf+V1gvTZSH0OOxO3iY91Oee4ZQ3BJPNxw=","dAiqW6YEflihSTmJCv8tSqoMB+g4Yuzrc1Cegv5v4a0=","2Gk7TwxqV137iajMnEYnx4fyteqxiql5pqSgyCoJxIg=","Pnk7WyRdqB8rniJzO1HDceIW1+7UINJ3aJhFvl+zkdA=","9vOiHv2yszOOv7mJavLNbEBEuDxdy8WUjqP+kAkqTAM=","9VnWGFV+6XPyI/UwzsexOvY0pLT/u6XzYGQiQieKDhg=","WIhze8XJ3YlrGAKHfUNycJ5Okfwg5/ooSmNPMUqLRkU=","ERvDCHdJO+p1eA0DUlOB4AOOLI1J/+mFEUzj+QngCN4=","1YJHGn9yrSr5K2zBKmeBgDeyVzZwM1h0H853jGCyRaQ=","ESePkzZbEIYAZ8FWbOfgjQ6Hm+Cbw8KL6EPWn2S+al8="],"block_size":4096,"path":"build/devtools.js"},{"block_hashes":["CC/lQWXzHHOpw61cciYreUDCDE3EUzs0ehj4oafbhJA=","qn1tAr9wmCAnQOZFrElA7rqTYpXxQ298TbJ3DP0DTlI="],"block_size":4096,"path":"build/hook.js"},{"block_hashes":["uc5eDPzzof8Yc9m0FqqsG9TqHJLIsXYuUDnMWctYCj4="],"block_size":4096,"path":"build/proxy.js"},{"block_hashes":["6s2BPAFo79KIymC5B1ATmPgTpPrkPembG2uBocDSb8c="],"block_size":4096,"path":"devtools-background.html"},{"block_hashes":["Vvq6Q34gxYDrFV2/qlEONBZuyWUUyjQKDzKMFWY6EK0="],"block_size":4096,"path":"devtools.html"},{"block_hashes":["C8FtZxMPj/AgSBmRE+kq/PLO5kU0WuckJLXllIb1BpE=","ydrx6OI3I/hRIgP1vM1QF/p5/5SOMffESK4QlNL7xx0="],"block_size":4096,"path":"icons/128-beta.png"},{"block_hashes":["12HrW7luA0JEFCa4Qvr5FYck5I9mnW76X5pSNKJsnUI=","p2jasEfEhIk35+bLyKFD/BO9x8KxgTgU9AR78cBq8/k=","ynR6+T7NOchS8AZ1yn3B/zeuyO6utlQP0KYkhZQ7RCI="],"block_size":4096,"path":"icons/128.nuxt.png"},{"block_hashes":["INXZD11hbvjDBXXTDiP+YctVLp+9goWdQfIuMpIbxMs="],"block_size":4096,"path":"icons/16-beta.png"},{"block_hashes":["RXEkrVdOeG1ZEgEWI+kAPClz4IoHL6flDD9DA1jeh/c="],"block_size":4096,"path":"icons/16.nuxt.png"},{"block_hashes":["vfhR7PAHM+sZCTQvjExx9HIbO2grOF2sbJbXUBwRdk0="],"block_size":4096,"path":"icons/48-beta.png"},{"block_hashes":["wAvWTaj1L4UqmSLBvnZ3yD/Vxch8fDX0zVLMezMcHK8="],"block_size":4096,"path":"icons/48.nuxt.png"},{"block_hashes":["lusdupWVX2fEDY4u4HhmLTUWxADHTyPtC6iqSxIJZ3k="],"block_size":4096,"path":"package.json"},{"block_hashes":["WnOjrFiljUPKGusM8KJ3WQho8yhhQRpNg0KQbfie/aI="],"block_size":4096,"path":"popups/disabled.html"},{"block_hashes":["mTXu9LZsGiR+MWf4aihmfIXCn2L8srS8SNdDZvUTxW0="],"block_size":4096,"path":"popups/disabled.nuxt.html"},{"block_hashes":["hQpLcfZ6eb8VXKwyY9uXUWk8N2u6IpSKivC+o/zMek4="],"block_size":4096,"path":"popups/enabled.html"},{"block_hashes":["7Vbgytq7smmFLHcAB9KGJ9O8kab/3F6itDd0ImTWDl0="],"block_size":4096,"path":"popups/enabled.nuxt.html"},{"block_hashes":["781HwoAgmZsahkwxfcNCpwjrfJu+KSzzHOYjSj6/g8g="],"block_size":4096,"path":"popups/not-found.html"},{"block_hashes":["LnR8NcldUZ57+oj2ck0+VWdsChW2iBynb4m/ayXzgSM="],"block_size":4096,"path":"popups/popup.css"}],"version":2}